<?xml version="1.0"?>
<User>
  <MediaPageList>
    <MediaPage>
      <PageType>menu</PageType>
      <SoundList>
        <MediaFile>
          <Name>after.wav</Name>
          <MediaType>sound</MediaType>
        </MediaFile>
        <MediaFile>
          <Name>bulk.wav</Name>
          <MediaType>sound</MediaType>
        </MediaFile>
      </SoundList>
      <BackList>
        <MediaFile>
          <Name>2.jpg</Name>
          <MediaType>image</MediaType>
        </MediaFile>
        <MediaFile>
          <Name>5.jpg</Name>
          <MediaType>image</MediaType>
        </MediaFile>
        <MediaFile>
          <Name>6.jpg</Name>
          <MediaType>image</MediaType>
        </MediaFile>
        <MediaFile>
          <Name>7.jpg</Name>
          <MediaType>image</MediaType>
        </MediaFile>
      </BackList>
    </MediaPage>
    <MediaPage>
      <PageType>game</PageType>
      <SoundList>
        <MediaFile>
          <Name>sea.mp3</Name>
          <MediaType>sound</MediaType>
        </MediaFile>
        <MediaFile>
          <Name>piano4.mp3</Name>
          <MediaType>sound</MediaType>
        </MediaFile>
        <MediaFile>
          <Name>piano3.mp3</Name>
          <MediaType>sound</MediaType>
        </MediaFile>
        <MediaFile>
          <Name>piano2.mp3</Name>
          <MediaType>sound</MediaType>
        </MediaFile>
        <MediaFile>
          <Name>piano1.mp3</Name>
          <MediaType>sound</MediaType>
        </MediaFile>
        <MediaFile>
          <Name>secret.mp3</Name>
          <MediaType>sound</MediaType>
        </MediaFile>
      </SoundList>
      <BackList>
        <MediaFile>
          <Name>sea.avi</Name>
          <MediaType>video</MediaType>
        </MediaFile>
        <MediaFile>
          <Name>river.mkv</Name>
          <MediaType>video</MediaType>
        </MediaFile>
        <MediaFile>
          <Name>alaska.mp4</Name>
          <MediaType>video</MediaType>
        </MediaFile>
        <MediaFile>
          <Name>sea2.mp4</Name>
          <MediaType>video</MediaType>
        </MediaFile>
        <MediaFile>
          <Name>river1.mp4</Name>
          <MediaType>video</MediaType>
        </MediaFile>
      </BackList>
    </MediaPage>
    <MediaPage>
      <PageType>history</PageType>
      <SoundList>
        <MediaFile>
          <Name>reason.wav</Name>
          <MediaType>sound</MediaType>
        </MediaFile>
        <MediaFile>
          <Name>title.wav</Name>
          <MediaType>sound</MediaType>
        </MediaFile>
      </SoundList>
      <BackList>
        <MediaFile>
          <Name>mosaic.mp4</Name>
          <MediaType>video</MediaType>
        </MediaFile>
      </BackList>
    </MediaPage>
  </MediaPageList>
</User>