{"MediaPageList":[{"PageType":1,"SoundList":[{"MediaType":2,"Name":"after.wav"},{"MediaType":2,"Name":"title.wav"}],"BackList":[{"MediaType":1,"Name":"5.jpg"},{"MediaType":1,"Name":"2.jpg"},{"MediaType":1,"Name":"6.jpg"},{"MediaType":1,"Name":"7.jpg"}]},{"PageType":2,"SoundList":[{"MediaType":2,"Name":"sea.mp3"},{"MediaType":2,"Name":"piano2.mp3"},{"MediaType":2,"Name":"just.mp3"},{"MediaType":2,"Name":"piano4.mp3"},{"MediaType":2,"Name":"secret.mp3"},{"MediaType":2,"Name":"piano3.mp3"}],"BackList":[{"MediaType":4,"Name":"sea.avi"},{"MediaType":4,"Name":"river.mkv"},{"MediaType":4,"Name":"sea2.mp4"},{"MediaType":4,"Name":"river1.mp4"},{"MediaType":4,"Name":"alaska.mp4"}]},{"PageType":3,"SoundList":[{"MediaType":2,"Name":"reason.wav"},{"MediaType":2,"Name":"day.wav"}],"BackList":[{"MediaType":4,"Name":"mosaic.mp4"}]}],"SoundVolume":0.3,"IsSoundPaused":false,"SwapDelay":7,"Scale":1,"FontSize":19.0}